hour_of_day,day_of_week,target_avg_gas_gwei,cell_tx_count,hour_tx_count,hour_p95_gas_gwei,hour_avg_tx_cost_gwei,hour_total_gas_used,day_tx_count,day_avg_tx_cost_gwei,hour_sin,hour_cos,day_1,day_2,day_3,day_4,day_5,day_6,day_7
0,1,1.4436835745340892,69644,484990,3.171828544,161276.97602343073,51152781593.0,1894969,120842.2398740505,0.0,1.0,1,0,0,0,0,0,0
1,1,1.2292107457558532,72964,481817,2.938983493,132744.70308806928,50815705575.0,1894969,120842.2398740505,0.25881904510252074,0.9659258262890683,1,0,0,0,0,0,0
2,1,1.1232351956955884,71032,483202,2.770655318,124866.9210751538,50553730146.0,1894969,120842.2398740505,0.49999999999999994,0.8660254037844387,1,0,0,0,0,0,0
3,1,1.1778125725270345,69654,474211,3.006172715,129894.96436468957,50511325974.0,1894969,120842.2398740505,0.7071067811865475,0.7071067811865476,1,0,0,0,0,0,0
4,1,1.0578052728577059,71753,457672,2.746325303,118115.14950072966,51123444366.0,1894969,120842.2398740505,0.8660254037844386,0.5000000000000001,1,0,0,0,0,0,0
5,1,1.0293634258965902,69181,461609,2.976374754,144345.6777807633,50297783033.0,1894969,120842.2398740505,0.9659258262890683,0.25881904510252074,1,0,0,0,0,0,0
6,1,1.0652752699819634,67747,488948,2.841468245,118527.5376751284,51297981504.0,1894969,120842.2398740505,1.0,6.123233995736766e-17,1,0,0,0,0,0,0
7,1,1.0566270082821458,71449,511464,3.212747564,145744.4957535539,51233059047.0,1894969,120842.2398740505,0.9659258262890683,-0.25881904510252063,1,0,0,0,0,0,0
8,1,1.1853511119565174,74305,530861,3.128127865,133008.6865581635,51265101293.0,1894969,120842.2398740505,0.8660254037844387,-0.49999999999999983,1,0,0,0,0,0,0
9,1,1.0857750778311894,77578,544143,3.204936734,121028.68581937907,50511926677.0,1894969,120842.2398740505,0.7071067811865476,-0.7071067811865475,1,0,0,0,0,0,0
10,1,1.0936772455040173,80303,543923,3.385919202,132920.63995143623,51001745170.0,1894969,120842.2398740505,0.49999999999999994,-0.8660254037844387,1,0,0,0,0,0,0
11,1,1.0992060620488826,80745,538831,3.138485529,124102.53662633151,50741474189.0,1894969,120842.2398740505,0.258819045102521,-0.9659258262890682,1,0,0,0,0,0,0
12,1,1.111598663492503,82637,544375,4.155753603,192741.2652550277,51208147906.0,1894969,120842.2398740505,1.2246467991473532e-16,-1.0,1,0,0,0,0,0,0
13,1,1.149362971624426,86271,552279,6.608573155,243132.875927153,50820171169.0,1894969,120842.2398740505,-0.2588190451025208,-0.9659258262890683,1,0,0,0,0,0,0
14,1,1.405064330594541,87496,558832,9.447355187,336797.41371590673,50951921669.0,1894969,120842.2398740505,-0.4999999999999998,-0.8660254037844388,1,0,0,0,0,0,0
15,1,1.4477152667076922,87616,567377,7.704733753,283292.0843289813,50309638828.0,1894969,120842.2398740505,-0.7071067811865471,-0.7071067811865479,1,0,0,0,0,0,0
16,1,1.4553217536488376,89403,569480,7.708683906,301445.1180262856,50732784786.0,1894969,120842.2398740505,-0.8660254037844384,-0.5000000000000004,1,0,0,0,0,0,0
17,1,1.4875233518228848,86995,556440,5.667083929,214597.61240003238,50388873972.0,1894969,120842.2398740505,-0.9659258262890683,-0.25881904510252063,1,0,0,0,0,0,0
18,1,1.6565576231154695,86474,551048,5.0,210561.236023189,50756939288.0,1894969,120842.2398740505,-1.0,-1.8369701987210297e-16,1,0,0,0,0,0,0
19,1,1.8596530520231427,85942,543603,3.952595007,198096.57722458255,51042663179.0,1894969,120842.2398740505,-0.9659258262890684,0.2588190451025203,1,0,0,0,0,0,0
20,1,1.5262223084457407,83883,532396,5.0,196943.1745361734,50698040651.0,1894969,120842.2398740505,-0.8660254037844386,0.5000000000000001,1,0,0,0,0,0,0
21,1,1.2926812115665742,81880,519375,4.219433032,182842.23581879432,50523579970.0,1894969,120842.2398740505,-0.7071067811865477,0.7071067811865474,1,0,0,0,0,0,0
22,1,1.1074203893596302,79704,502256,3.254979462,147884.03596702655,50985649917.0,1894969,120842.2398740505,-0.5000000000000004,0.8660254037844384,1,0,0,0,0,0,0
23,1,1.0194762915761069,80313,483295,2.848214627,127258.11776559443,50853783944.0,1894969,120842.2398740505,-0.25881904510252157,0.9659258262890681,1,0,0,0,0,0,0
0,2,1.310980147875047,58085,484990,3.171828544,161276.97602343073,51152781593.0,1638250,168998.64054232003,0.0,1.0,0,1,0,0,0,0,0
1,2,1.2662537137614387,58999,481817,2.938983493,132744.70308806928,50815705575.0,1638250,168998.64054232003,0.25881904510252074,0.9659258262890683,0,1,0,0,0,0,0
2,2,1.4299063222774195,62119,483202,2.770655318,124866.9210751538,50553730146.0,1638250,168998.64054232003,0.49999999999999994,0.8660254037844387,0,1,0,0,0,0,0
3,2,1.323727795873697,60854,474211,3.006172715,129894.96436468957,50511325974.0,1638250,168998.64054232003,0.7071067811865475,0.7071067811865476,0,1,0,0,0,0,0
4,2,1.2035093806192392,58257,457672,2.746325303,118115.14950072966,51123444366.0,1638250,168998.64054232003,0.8660254037844386,0.5000000000000001,0,1,0,0,0,0,0
5,2,1.3278550718521323,59472,461609,2.976374754,144345.6777807633,50297783033.0,1638250,168998.64054232003,0.9659258262890683,0.25881904510252074,0,1,0,0,0,0,0
6,2,1.2148572978400316,70389,488948,2.841468245,118527.5376751284,51297981504.0,1638250,168998.64054232003,1.0,6.123233995736766e-17,0,1,0,0,0,0,0
7,2,1.2744420898011035,67276,511464,3.212747564,145744.4957535539,51233059047.0,1638250,168998.64054232003,0.9659258262890683,-0.25881904510252063,0,1,0,0,0,0,0
8,2,1.2875891946919205,70917,530861,3.128127865,133008.6865581635,51265101293.0,1638250,168998.64054232003,0.8660254037844387,-0.49999999999999983,0,1,0,0,0,0,0
9,2,1.2491265154484683,77203,544143,3.204936734,121028.68581937907,50511926677.0,1638250,168998.64054232003,0.7071067811865476,-0.7071067811865475,0,1,0,0,0,0,0
10,2,1.3947167849463964,71787,543923,3.385919202,132920.63995143623,51001745170.0,1638250,168998.64054232003,0.49999999999999994,-0.8660254037844387,0,1,0,0,0,0,0
11,2,1.3859116132525031,72696,538831,3.138485529,124102.53662633151,50741474189.0,1638250,168998.64054232003,0.258819045102521,-0.9659258262890682,0,1,0,0,0,0,0
12,2,1.539375752202491,73218,544375,4.155753603,192741.2652550277,51208147906.0,1638250,168998.64054232003,1.2246467991473532e-16,-1.0,0,1,0,0,0,0,0
13,2,2.0974183172569862,72627,552279,6.608573155,243132.875927153,50820171169.0,1638250,168998.64054232003,-0.2588190451025208,-0.9659258262890683,0,1,0,0,0,0,0
14,2,2.594136342046937,73287,558832,9.447355187,336797.41371590673,50951921669.0,1638250,168998.64054232003,-0.4999999999999998,-0.8660254037844388,0,1,0,0,0,0,0
15,2,2.1106705031197586,74082,567377,7.704733753,283292.0843289813,50309638828.0,1638250,168998.64054232003,-0.7071067811865471,-0.7071067811865479,0,1,0,0,0,0,0
16,2,2.3476204685339916,72621,569480,7.708683906,301445.1180262856,50732784786.0,1638250,168998.64054232003,-0.8660254037844384,-0.5000000000000004,0,1,0,0,0,0,0
17,2,1.9102673569114144,72754,556440,5.667083929,214597.61240003238,50388873972.0,1638250,168998.64054232003,-0.9659258262890683,-0.25881904510252063,0,1,0,0,0,0,0
18,2,1.5602944445885254,72816,551048,5.0,210561.236023189,50756939288.0,1638250,168998.64054232003,-1.0,-1.8369701987210297e-16,0,1,0,0,0,0,0
19,2,1.8928342740383388,71132,543603,3.952595007,198096.57722458255,51042663179.0,1638250,168998.64054232003,-0.9659258262890684,0.2588190451025203,0,1,0,0,0,0,0
20,2,2.575967346561005,70989,532396,5.0,196943.1745361734,50698040651.0,1638250,168998.64054232003,-0.8660254037844386,0.5000000000000001,0,1,0,0,0,0,0
21,2,1.9968735075454054,68283,519375,4.219433032,182842.23581879432,50523579970.0,1638250,168998.64054232003,-0.7071067811865477,0.7071067811865474,0,1,0,0,0,0,0
22,2,1.4363326791815794,65415,502256,3.254979462,147884.03596702655,50985649917.0,1638250,168998.64054232003,-0.5000000000000004,0.8660254037844384,0,1,0,0,0,0,0
23,2,1.4171190110387957,62972,483295,2.848214627,127258.11776559443,50853783944.0,1638250,168998.64054232003,-0.25881904510252157,0.9659258262890681,0,1,0,0,0,0,0
0,3,1.381712815963425,64636,484990,3.171828544,161276.97602343073,51152781593.0,1670294,192218.91819584285,0.0,1.0,0,0,1,0,0,0,0
1,3,1.3768498412620882,60968,481817,2.938983493,132744.70308806928,50815705575.0,1670294,192218.91819584285,0.25881904510252074,0.9659258262890683,0,0,1,0,0,0,0
2,3,1.2011422302273034,61759,483202,2.770655318,124866.9210751538,50553730146.0,1670294,192218.91819584285,0.49999999999999994,0.8660254037844387,0,0,1,0,0,0,0
3,3,1.248381723205229,62160,474211,3.006172715,129894.96436468957,50511325974.0,1670294,192218.91819584285,0.7071067811865475,0.7071067811865476,0,0,1,0,0,0,0
4,3,1.4618476653952721,59258,457672,2.746325303,118115.14950072966,51123444366.0,1670294,192218.91819584285,0.8660254037844386,0.5000000000000001,0,0,1,0,0,0,0
5,3,1.1107247017974737,58279,461609,2.976374754,144345.6777807633,50297783033.0,1670294,192218.91819584285,0.9659258262890683,0.25881904510252074,0,0,1,0,0,0,0
6,3,1.1429458074807832,62263,488948,2.841468245,118527.5376751284,51297981504.0,1670294,192218.91819584285,1.0,6.123233995736766e-17,0,0,1,0,0,0,0
7,3,2.192460575927417,67729,511464,3.212747564,145744.4957535539,51233059047.0,1670294,192218.91819584285,0.9659258262890683,-0.25881904510252063,0,0,1,0,0,0,0
8,3,1.3112659625685346,72715,530861,3.128127865,133008.6865581635,51265101293.0,1670294,192218.91819584285,0.8660254037844387,-0.49999999999999983,0,0,1,0,0,0,0
9,3,1.389137932612042,73245,544143,3.204936734,121028.68581937907,50511926677.0,1670294,192218.91819584285,0.7071067811865476,-0.7071067811865475,0,0,1,0,0,0,0
10,3,1.3342719075489093,73666,543923,3.385919202,132920.63995143623,51001745170.0,1670294,192218.91819584285,0.49999999999999994,-0.8660254037844387,0,0,1,0,0,0,0
11,3,1.2651934994952083,71277,538831,3.138485529,124102.53662633151,50741474189.0,1670294,192218.91819584285,0.258819045102521,-0.9659258262890682,0,0,1,0,0,0,0
12,3,2.1710928556807807,72590,544375,4.155753603,192741.2652550277,51208147906.0,1670294,192218.91819584285,1.2246467991473532e-16,-1.0,0,0,1,0,0,0,0
13,3,2.8849277931190307,72210,552279,6.608573155,243132.875927153,50820171169.0,1670294,192218.91819584285,-0.2588190451025208,-0.9659258262890683,0,0,1,0,0,0,0
14,3,3.6789171745627165,73721,558832,9.447355187,336797.41371590673,50951921669.0,1670294,192218.91819584285,-0.4999999999999998,-0.8660254037844388,0,0,1,0,0,0,0
15,3,3.215913562373473,74041,567377,7.704733753,283292.0843289813,50309638828.0,1670294,192218.91819584285,-0.7071067811865471,-0.7071067811865479,0,0,1,0,0,0,0
16,3,4.520225807110417,78900,569480,7.708683906,301445.1180262856,50732784786.0,1670294,192218.91819584285,-0.8660254037844384,-0.5000000000000004,0,0,1,0,0,0,0
17,3,2.56540721356363,73584,556440,5.667083929,214597.61240003238,50388873972.0,1670294,192218.91819584285,-0.9659258262890683,-0.25881904510252063,0,0,1,0,0,0,0
18,3,2.632338297366681,74034,551048,5.0,210561.236023189,50756939288.0,1670294,192218.91819584285,-1.0,-1.8369701987210297e-16,0,0,1,0,0,0,0
19,3,2.613010987581642,76994,543603,3.952595007,198096.57722458255,51042663179.0,1670294,192218.91819584285,-0.9659258262890684,0.2588190451025203,0,0,1,0,0,0,0
20,3,2.6600148077738703,75006,532396,5.0,196943.1745361734,50698040651.0,1670294,192218.91819584285,-0.8660254037844386,0.5000000000000001,0,0,1,0,0,0,0
21,3,2.2221560792529464,72137,519375,4.219433032,182842.23581879432,50523579970.0,1670294,192218.91819584285,-0.7071067811865477,0.7071067811865474,0,0,1,0,0,0,0
22,3,1.6393750640940226,69610,502256,3.254979462,147884.03596702655,50985649917.0,1670294,192218.91819584285,-0.5000000000000004,0.8660254037844384,0,0,1,0,0,0,0
23,3,1.4326117714890958,69512,483295,2.848214627,127258.11776559443,50853783944.0,1670294,192218.91819584285,-0.25881904510252157,0.9659258262890681,0,0,1,0,0,0,0
0,4,1.4175078500696763,68230,484990,3.171828544,161276.97602343073,51152781593.0,1652436,204826.13834265602,0.0,1.0,0,0,0,1,0,0,0
1,4,1.4205701201805199,66785,481817,2.938983493,132744.70308806928,50815705575.0,1652436,204826.13834265602,0.25881904510252074,0.9659258262890683,0,0,0,1,0,0,0
2,4,1.361614467990834,66868,483202,2.770655318,124866.9210751538,50553730146.0,1652436,204826.13834265602,0.49999999999999994,0.8660254037844387,0,0,0,1,0,0,0
3,4,1.367897554170561,62775,474211,3.006172715,129894.96436468957,50511325974.0,1652436,204826.13834265602,0.7071067811865475,0.7071067811865476,0,0,0,1,0,0,0
4,4,1.4196785469667417,59957,457672,2.746325303,118115.14950072966,51123444366.0,1652436,204826.13834265602,0.8660254037844386,0.5000000000000001,0,0,0,1,0,0,0
5,4,1.3132231120999385,61748,461609,2.976374754,144345.6777807633,50297783033.0,1652436,204826.13834265602,0.9659258262890683,0.25881904510252074,0,0,0,1,0,0,0
6,4,1.287743777654839,63828,488948,2.841468245,118527.5376751284,51297981504.0,1652436,204826.13834265602,1.0,6.123233995736766e-17,0,0,0,1,0,0,0
7,4,1.3825539684959969,71585,511464,3.212747564,145744.4957535539,51233059047.0,1652436,204826.13834265602,0.9659258262890683,-0.25881904510252063,0,0,0,1,0,0,0
8,4,1.5615984805731598,70954,530861,3.128127865,133008.6865581635,51265101293.0,1652436,204826.13834265602,0.8660254037844387,-0.49999999999999983,0,0,0,1,0,0,0
9,4,1.4392757675766976,71091,544143,3.204936734,121028.68581937907,50511926677.0,1652436,204826.13834265602,0.7071067811865476,-0.7071067811865475,0,0,0,1,0,0,0
10,4,1.6812172046132525,72347,543923,3.385919202,132920.63995143623,51001745170.0,1652436,204826.13834265602,0.49999999999999994,-0.8660254037844387,0,0,0,1,0,0,0
11,4,1.535139276034197,70210,538831,3.138485529,124102.53662633151,50741474189.0,1652436,204826.13834265602,0.258819045102521,-0.9659258262890682,0,0,0,1,0,0,0
12,4,1.975602090685532,71769,544375,4.155753603,192741.2652550277,51208147906.0,1652436,204826.13834265602,1.2246467991473532e-16,-1.0,0,0,0,1,0,0,0
13,4,2.7323574470386593,72844,552279,6.608573155,243132.875927153,50820171169.0,1652436,204826.13834265602,-0.2588190451025208,-0.9659258262890683,0,0,0,1,0,0,0
14,4,3.8848641808395348,73306,558832,9.447355187,336797.41371590673,50951921669.0,1652436,204826.13834265602,-0.4999999999999998,-0.8660254037844388,0,0,0,1,0,0,0
15,4,4.726536386756429,74691,567377,7.704733753,283292.0843289813,50309638828.0,1652436,204826.13834265602,-0.7071067811865471,-0.7071067811865479,0,0,0,1,0,0,0
16,4,3.9055558874947502,72764,569480,7.708683906,301445.1180262856,50732784786.0,1652436,204826.13834265602,-0.8660254037844384,-0.5000000000000004,0,0,0,1,0,0,0
17,4,2.785372999188194,73854,556440,5.667083929,214597.61240003238,50388873972.0,1652436,204826.13834265602,-0.9659258262890683,-0.25881904510252063,0,0,0,1,0,0,0
18,4,2.7486204387204585,73087,551048,5.0,210561.236023189,50756939288.0,1652436,204826.13834265602,-1.0,-1.8369701987210297e-16,0,0,0,1,0,0,0
19,4,2.0773998165194913,70654,543603,3.952595007,198096.57722458255,51042663179.0,1652436,204826.13834265602,-0.9659258262890684,0.2588190451025203,0,0,0,1,0,0,0
20,4,2.2505235386169193,68714,532396,5.0,196943.1745361734,50698040651.0,1652436,204826.13834265602,-0.8660254037844386,0.5000000000000001,0,0,0,1,0,0,0
21,4,1.8964676134919904,67416,519375,4.219433032,182842.23581879432,50523579970.0,1652436,204826.13834265602,-0.7071067811865477,0.7071067811865474,0,0,0,1,0,0,0
22,4,1.8176258037973605,66478,502256,3.254979462,147884.03596702655,50985649917.0,1652436,204826.13834265602,-0.5000000000000004,0.8660254037844384,0,0,0,1,0,0,0
23,4,1.5510073107172346,60481,483295,2.848214627,127258.11776559443,50853783944.0,1652436,204826.13834265602,-0.25881904510252157,0.9659258262890681,0,0,0,1,0,0,0
0,5,2.941150191434505,64525,484990,3.171828544,161276.97602343073,51152781593.0,1648731,214477.39284506335,0.0,1.0,0,0,0,0,1,0,0
1,5,1.4222787580157317,62614,481817,2.938983493,132744.70308806928,50815705575.0,1648731,214477.39284506335,0.25881904510252074,0.9659258262890683,0,0,0,0,1,0,0
2,5,1.3379434948018716,63287,483202,2.770655318,124866.9210751538,50553730146.0,1648731,214477.39284506335,0.49999999999999994,0.8660254037844387,0,0,0,0,1,0,0
3,5,1.4055561144180775,63395,474211,3.006172715,129894.96436468957,50511325974.0,1648731,214477.39284506335,0.7071067811865475,0.7071067811865476,0,0,0,0,1,0,0
4,5,1.2997569791051615,60564,457672,2.746325303,118115.14950072966,51123444366.0,1648731,214477.39284506335,0.8660254037844386,0.5000000000000001,0,0,0,0,1,0,0
5,5,1.2815471067800726,63962,461609,2.976374754,144345.6777807633,50297783033.0,1648731,214477.39284506335,0.9659258262890683,0.25881904510252074,0,0,0,0,1,0,0
6,5,1.4762366261532052,67217,488948,2.841468245,118527.5376751284,51297981504.0,1648731,214477.39284506335,1.0,6.123233995736766e-17,0,0,0,0,1,0,0
7,5,1.711070515057923,68144,511464,3.212747564,145744.4957535539,51233059047.0,1648731,214477.39284506335,0.9659258262890683,-0.25881904510252063,0,0,0,0,1,0,0
8,5,1.7644611695385435,70024,530861,3.128127865,133008.6865581635,51265101293.0,1648731,214477.39284506335,0.8660254037844387,-0.49999999999999983,0,0,0,0,1,0,0
9,5,1.66140343240775,73626,544143,3.204936734,121028.68581937907,50511926677.0,1648731,214477.39284506335,0.7071067811865476,-0.7071067811865475,0,0,0,0,1,0,0
10,5,2.4797526232148583,73173,543923,3.385919202,132920.63995143623,51001745170.0,1648731,214477.39284506335,0.49999999999999994,-0.8660254037844387,0,0,0,0,1,0,0
11,5,1.6881432989774912,70417,538831,3.138485529,124102.53662633151,50741474189.0,1648731,214477.39284506335,0.258819045102521,-0.9659258262890682,0,0,0,0,1,0,0
12,5,3.2743687165133593,71149,544375,4.155753603,192741.2652550277,51208147906.0,1648731,214477.39284506335,1.2246467991473532e-16,-1.0,0,0,0,0,1,0,0
13,5,4.875462037480269,71843,552279,6.608573155,243132.875927153,50820171169.0,1648731,214477.39284506335,-0.2588190451025208,-0.9659258262890683,0,0,0,0,1,0,0
14,5,3.594865043127253,73531,558832,9.447355187,336797.41371590673,50951921669.0,1648731,214477.39284506335,-0.4999999999999998,-0.8660254037844388,0,0,0,0,1,0,0
15,5,3.103918582999441,75732,567377,7.704733753,283292.0843289813,50309638828.0,1648731,214477.39284506335,-0.7071067811865471,-0.7071067811865479,0,0,0,0,1,0,0
16,5,3.668586254384714,73991,569480,7.708683906,301445.1180262856,50732784786.0,1648731,214477.39284506335,-0.8660254037844384,-0.5000000000000004,0,0,0,0,1,0,0
17,5,2.178353826570701,72786,556440,5.667083929,214597.61240003238,50388873972.0,1648731,214477.39284506335,-0.9659258262890683,-0.25881904510252063,0,0,0,0,1,0,0
18,5,1.7638875811791264,72173,551048,5.0,210561.236023189,50756939288.0,1648731,214477.39284506335,-1.0,-1.8369701987210297e-16,0,0,0,0,1,0,0
19,5,1.5711373016910675,71342,543603,3.952595007,198096.57722458255,51042663179.0,1648731,214477.39284506335,-0.9659258262890684,0.2588190451025203,0,0,0,0,1,0,0
20,5,1.6398441668248511,69889,532396,5.0,196943.1745361734,50698040651.0,1648731,214477.39284506335,-0.8660254037844386,0.5000000000000001,0,0,0,0,1,0,0
21,5,1.6606904895523682,68344,519375,4.219433032,182842.23581879432,50523579970.0,1648731,214477.39284506335,-0.7071067811865477,0.7071067811865474,0,0,0,0,1,0,0
22,5,1.4200357154351855,64862,502256,3.254979462,147884.03596702655,50985649917.0,1648731,214477.39284506335,-0.5000000000000004,0.8660254037844384,0,0,0,0,1,0,0
23,5,1.312323043868187,62141,483295,2.848214627,127258.11776559443,50853783944.0,1648731,214477.39284506335,-0.25881904510252157,0.9659258262890681,0,0,0,0,1,0,0
0,6,1.4818038117392736,81833,484990,3.171828544,161276.97602343073,51152781593.0,2069102,222492.0015634782,0.0,1.0,0,0,0,0,0,1,0
1,6,1.3424069396995701,82668,481817,2.938983493,132744.70308806928,50815705575.0,2069102,222492.0015634782,0.25881904510252074,0.9659258262890683,0,0,0,0,0,1,0
2,6,1.3908664967123978,82162,483202,2.770655318,124866.9210751538,50553730146.0,2069102,222492.0015634782,0.49999999999999994,0.8660254037844387,0,0,0,0,0,1,0
3,6,1.4137803828849407,78098,474211,3.006172715,129894.96436468957,50511325974.0,2069102,222492.0015634782,0.7071067811865475,0.7071067811865476,0,0,0,0,0,1,0
4,6,1.15100541767383,75316,457672,2.746325303,118115.14950072966,51123444366.0,2069102,222492.0015634782,0.8660254037844386,0.5000000000000001,0,0,0,0,0,1,0
5,6,1.1051920091474614,74108,461609,2.976374754,144345.6777807633,50297783033.0,2069102,222492.0015634782,0.9659258262890683,0.25881904510252074,0,0,0,0,0,1,0
6,6,1.1077029109371839,82207,488948,2.841468245,118527.5376751284,51297981504.0,2069102,222492.0015634782,1.0,6.123233995736766e-17,0,0,0,0,0,1,0
7,6,1.4092203936165304,87201,511464,3.212747564,145744.4957535539,51233059047.0,2069102,222492.0015634782,0.9659258262890683,-0.25881904510252063,0,0,0,0,0,1,0
8,6,1.4989880340664408,90816,530861,3.128127865,133008.6865581635,51265101293.0,2069102,222492.0015634782,0.8660254037844387,-0.49999999999999983,0,0,0,0,0,1,0
9,6,1.3551405962668155,90913,544143,3.204936734,121028.68581937907,50511926677.0,2069102,222492.0015634782,0.7071067811865476,-0.7071067811865475,0,0,0,0,0,1,0
10,6,1.2591273980336624,89775,543923,3.385919202,132920.63995143623,51001745170.0,2069102,222492.0015634782,0.49999999999999994,-0.8660254037844387,0,0,0,0,0,1,0
11,6,1.2825248682388593,91071,538831,3.138485529,124102.53662633151,50741474189.0,2069102,222492.0015634782,0.258819045102521,-0.9659258262890682,0,0,0,0,0,1,0
12,6,1.6831873866066185,89043,544375,4.155753603,192741.2652550277,51208147906.0,2069102,222492.0015634782,1.2246467991473532e-16,-1.0,0,0,0,0,0,1,0
13,6,2.2894186465300224,91094,552279,6.608573155,243132.875927153,50820171169.0,2069102,222492.0015634782,-0.2588190451025208,-0.9659258262890683,0,0,0,0,0,1,0
14,6,5.924600792868909,90235,558832,9.447355187,336797.41371590673,50951921669.0,2069102,222492.0015634782,-0.4999999999999998,-0.8660254037844388,0,0,0,0,0,1,0
15,6,4.529540233571642,92203,567377,7.704733753,283292.0843289813,50309638828.0,2069102,222492.0015634782,-0.7071067811865471,-0.7071067811865479,0,0,0,0,0,1,0
16,6,3.9754058080070704,93061,569480,7.708683906,301445.1180262856,50732784786.0,2069102,222492.0015634782,-0.8660254037844384,-0.5000000000000004,0,0,0,0,0,1,0
17,6,3.3466577307721965,91049,556440,5.667083929,214597.61240003238,50388873972.0,2069102,222492.0015634782,-0.9659258262890683,-0.25881904510252063,0,0,0,0,0,1,0
18,6,2.687094604298345,89027,551048,5.0,210561.236023189,50756939288.0,2069102,222492.0015634782,-1.0,-1.8369701987210297e-16,0,0,0,0,0,1,0
19,6,2.024075824455139,88281,543603,3.952595007,198096.57722458255,51042663179.0,2069102,222492.0015634782,-0.9659258262890684,0.2588190451025203,0,0,0,0,0,1,0
20,6,1.9548429458861396,87038,532396,5.0,196943.1745361734,50698040651.0,2069102,222492.0015634782,-0.8660254037844386,0.5000000000000001,0,0,0,0,0,1,0
21,6,2.246786655902625,85833,519375,4.219433032,182842.23581879432,50523579970.0,2069102,222492.0015634782,-0.7071067811865477,0.7071067811865474,0,0,0,0,0,1,0
22,6,1.8520642465665313,84892,502256,3.254979462,147884.03596702655,50985649917.0,2069102,222492.0015634782,-0.5000000000000004,0.8660254037844384,0,0,0,0,0,1,0
23,6,1.3129570255566165,81178,483295,2.848214627,127258.11776559443,50853783944.0,2069102,222492.0015634782,-0.25881904510252157,0.9659258262890681,0,0,0,0,0,1,0
0,7,1.2142481651099601,78037,484990,3.171828544,161276.97602343073,51152781593.0,1908645,132089.94085578536,0.0,1.0,0,0,0,0,0,0,1
1,7,1.1977310136515462,76819,481817,2.938983493,132744.70308806928,50815705575.0,1908645,132089.94085578536,0.25881904510252074,0.9659258262890683,0,0,0,0,0,0,1
2,7,1.2194152951159731,75975,483202,2.770655318,124866.9210751538,50553730146.0,1908645,132089.94085578536,0.49999999999999994,0.8660254037844387,0,0,0,0,0,0,1
3,7,1.1619813939494013,77275,474211,3.006172715,129894.96436468957,50511325974.0,1908645,132089.94085578536,0.7071067811865475,0.7071067811865476,0,0,0,0,0,0,1
4,7,1.1051422955993642,72567,457672,2.746325303,118115.14950072966,51123444366.0,1908645,132089.94085578536,0.8660254037844386,0.5000000000000001,0,0,0,0,0,0,1
5,7,1.4975412937258454,74859,461609,2.976374754,144345.6777807633,50297783033.0,1908645,132089.94085578536,0.9659258262890683,0.25881904510252074,0,0,0,0,0,0,1
6,7,1.3006540882736488,75297,488948,2.841468245,118527.5376751284,51297981504.0,1908645,132089.94085578536,1.0,6.123233995736766e-17,0,0,0,0,0,0,1
7,7,1.1978438303405996,78080,511464,3.212747564,145744.4957535539,51233059047.0,1908645,132089.94085578536,0.9659258262890683,-0.25881904510252063,0,0,0,0,0,0,1
8,7,1.2435246197081606,81130,530861,3.128127865,133008.6865581635,51265101293.0,1908645,132089.94085578536,0.8660254037844387,-0.49999999999999983,0,0,0,0,0,0,1
9,7,1.2604165842239872,80487,544143,3.204936734,121028.68581937907,50511926677.0,1908645,132089.94085578536,0.7071067811865476,-0.7071067811865475,0,0,0,0,0,0,1
10,7,1.3908233057625146,82872,543923,3.385919202,132920.63995143623,51001745170.0,1908645,132089.94085578536,0.49999999999999994,-0.8660254037844387,0,0,0,0,0,0,1
11,7,1.3719986002828966,82415,538831,3.138485529,124102.53662633151,50741474189.0,1908645,132089.94085578536,0.258819045102521,-0.9659258262890682,0,0,0,0,0,0,1
12,7,1.250163439911695,83969,544375,4.155753603,192741.2652550277,51208147906.0,1908645,132089.94085578536,1.2246467991473532e-16,-1.0,0,0,0,0,0,0,1
13,7,1.3238216404557681,85390,552279,6.608573155,243132.875927153,50820171169.0,1908645,132089.94085578536,-0.2588190451025208,-0.9659258262890683,0,0,0,0,0,0,1
14,7,1.4457352084053372,87256,558832,9.447355187,336797.41371590673,50951921669.0,1908645,132089.94085578536,-0.4999999999999998,-0.8660254037844388,0,0,0,0,0,0,1
15,7,1.4436926247899609,89012,567377,7.704733753,283292.0843289813,50309638828.0,1908645,132089.94085578536,-0.7071067811865471,-0.7071067811865479,0,0,0,0,0,0,1
16,7,1.7391798374478373,88740,569480,7.708683906,301445.1180262856,50732784786.0,1908645,132089.94085578536,-0.8660254037844384,-0.5000000000000004,0,0,0,0,0,0,1
17,7,1.2854058019556058,85418,556440,5.667083929,214597.61240003238,50388873972.0,1908645,132089.94085578536,-0.9659258262890683,-0.25881904510252063,0,0,0,0,0,0,1
18,7,1.467735487974173,83437,551048,5.0,210561.236023189,50756939288.0,1908645,132089.94085578536,-1.0,-1.8369701987210297e-16,0,0,0,0,0,0,1
19,7,1.3817465845957004,79258,543603,3.952595007,198096.57722458255,51042663179.0,1908645,132089.94085578536,-0.9659258262890684,0.2588190451025203,0,0,0,0,0,0,1
20,7,1.2810488069791872,76877,532396,5.0,196943.1745361734,50698040651.0,1908645,132089.94085578536,-0.8660254037844386,0.5000000000000001,0,0,0,0,0,0,1
21,7,1.296498692616703,75482,519375,4.219433032,182842.23581879432,50523579970.0,1908645,132089.94085578536,-0.7071067811865477,0.7071067811865474,0,0,0,0,0,0,1
22,7,1.2757566314797395,71295,502256,3.254979462,147884.03596702655,50985649917.0,1908645,132089.94085578536,-0.5000000000000004,0.8660254037844384,0,0,0,0,0,0,1
23,7,1.2771772931412633,66698,483295,2.848214627,127258.11776559443,50853783944.0,1908645,132089.94085578536,-0.25881904510252157,0.9659258262890681,0,0,0,0,0,0,1
